﻿<Solution xmlns="http://schemas.microsoft.com/sharepoint/" SolutionId="28d97ede-3019-450c-b332-c79c403a11e0">
  <Assemblies>
    <Assembly Location="SalesForce.ChatterWP2007.dll" DeploymentTarget="GlobalAssemblyCache">
      <SafeControls>
        <SafeControl Assembly="SalesForce.ChatterWP2007, Version=1.0.0.0, Culture=neutral, PublicKeyToken=8f6011d99c33ca38" Namespace="SalesForce.ChatterWP2007" TypeName="*" />
        <SafeControl Assembly="SalesForce.ChatterWP2007, Version=1.0.0.0, Culture=neutral, PublicKeyToken=8f6011d99c33ca38" Namespace="SalesForce.ChatterWP2007" TypeName="*" />
      </SafeControls>
    </Assembly>
  </Assemblies>
  <RootFiles>
    <RootFile Location="Resources\ErrorResource\ErrorResource.resx" />
    <RootFile Location="CONFIG\AdminResources\sfchatteradmin.resx" />
  </RootFiles>
  <TemplateFiles>
    <TemplateFile Location="CONTROLTEMPLATES\SFChatterWP\Chatter Web Part\Chatter Web PartUserControl.ascx" />
    <TemplateFile Location="CONTROLTEMPLATES\SFMySiteChatterWP\SFMySiteChatterWP\SFMySiteChatterWPUserControl.ascx" />
    <TemplateFile Location="LAYOUTS\1033\SFChatterWP\jquery-1.6.2.js" />
    <TemplateFile Location="LAYOUTS\1033\SFChatterWP\jquery.autocomplete.js" />
    <TemplateFile Location="LAYOUTS\1033\SFChatterWP\jquery.expander.js" />
    <TemplateFile Location="LAYOUTS\1033\SFChatterWP\jquery.textarea-expander.js" />
    <TemplateFile Location="Images\SFChatterWP\addbutton.png" />
    <TemplateFile Location="Images\SFChatterWP\addbutton1.png" />
    <TemplateFile Location="Images\SFChatterWP\arrow.png" />
    <TemplateFile Location="Images\SFChatterWP\background.png" />
    <TemplateFile Location="Images\SFChatterWP\background2.png" />
    <TemplateFile Location="Images\SFChatterWP\background3.png" />
    <TemplateFile Location="Images\SFChatterWP\bg_commentBox.gif" />
    <TemplateFile Location="Images\SFChatterWP\bg_lists.png" />
    <TemplateFile Location="Images\SFChatterWP\bg_login.png" />
    <TemplateFile Location="Images\SFChatterWP\bg_showMore.gif" />
    <TemplateFile Location="Images\SFChatterWP\bg_showMore.png" />
    <TemplateFile Location="Images\SFChatterWP\bgOver_showMore.png" />
    <TemplateFile Location="Images\SFChatterWP\btn_close.png" />
    <TemplateFile Location="Images\SFChatterWP\btn_close_over.png" />
    <TemplateFile Location="Images\SFChatterWP\btn_close2.png" />
    <TemplateFile Location="Images\SFChatterWP\btn_comment.png" />
    <TemplateFile Location="Images\SFChatterWP\btn_comment_dis.png" />
    <TemplateFile Location="Images\SFChatterWP\btn_done.jpg" />
    <TemplateFile Location="Images\SFChatterWP\btn_fileUpload.png" />
    <TemplateFile Location="Images\SFChatterWP\btn_fileUpload_dis.png" />
    <TemplateFile Location="Images\SFChatterWP\btn_go.png" />
    <TemplateFile Location="Images\SFChatterWP\btn_share.png" />
    <TemplateFile Location="Images\SFChatterWP\btn_shareInactive.png" />
    <TemplateFile Location="Images\SFChatterWP\btn_sprite.png" />
    <TemplateFile Location="Images\SFChatterWP\btnFollow.png" />
    <TemplateFile Location="Images\SFChatterWP\btnUnFollow.png" />
    <TemplateFile Location="Images\SFChatterWP\bullet.png" />
    <TemplateFile Location="Images\SFChatterWP\cancel_off.jpg" />
    <TemplateFile Location="Images\SFChatterWP\cancel_on.jpg" />
    <TemplateFile Location="Images\SFChatterWP\chatbutton.png" />
    <TemplateFile Location="Images\SFChatterWP\chatIcon.png" />
    <TemplateFile Location="Images\SFChatterWP\Chatter_Login.png" />
    <TemplateFile Location="Images\SFChatterWP\chatter_logo.png" />
    <TemplateFile Location="Images\SFChatterWP\Chatter_Logout.png" />
    <TemplateFile Location="Images\SFChatterWP\chatterfiles16_sprite.png" />
    <TemplateFile Location="Images\SFChatterWP\close.png" />
    <TemplateFile Location="Images\SFChatterWP\close2.png" />
    <TemplateFile Location="Images\SFChatterWP\correct.png" />
    <TemplateFile Location="Images\SFChatterWP\cross.jpg" />
    <TemplateFile Location="Images\SFChatterWP\cross_1.jpg" />
    <TemplateFile Location="Images\SFChatterWP\cross_blur.png" />
    <TemplateFile Location="Images\SFChatterWP\cross_bright.png" />
    <TemplateFile Location="Images\SFChatterWP\divider_line.png" />
    <TemplateFile Location="Images\SFChatterWP\Existing_User.png" />
    <TemplateFile Location="Images\SFChatterWP\File.png" />
    <TemplateFile Location="Images\SFChatterWP\file_not_available.png" />
    <TemplateFile Location="Images\SFChatterWP\FileIcons\deleted_overlay_32.png" />
    <TemplateFile Location="Images\SFChatterWP\FileIcons\doctype_ai_32.png" />
    <TemplateFile Location="Images\SFChatterWP\FileIcons\doctype_audio_32.png" />
    <TemplateFile Location="Images\SFChatterWP\FileIcons\doctype_csv_32.png" />
    <TemplateFile Location="Images\SFChatterWP\FileIcons\doctype_eps_32.png" />
    <TemplateFile Location="Images\SFChatterWP\FileIcons\doctype_excel_32.png" />
    <TemplateFile Location="Images\SFChatterWP\FileIcons\doctype_exe_32.png" />
    <TemplateFile Location="Images\SFChatterWP\FileIcons\doctype_flash_32.png" />
    <TemplateFile Location="Images\SFChatterWP\FileIcons\doctype_gdoc_32.png" />
    <TemplateFile Location="Images\SFChatterWP\FileIcons\doctype_gpres_32.png" />
    <TemplateFile Location="Images\SFChatterWP\FileIcons\doctype_gsheet_32.png" />
    <TemplateFile Location="Images\SFChatterWP\FileIcons\doctype_html_32.png" />
    <TemplateFile Location="Images\SFChatterWP\FileIcons\doctype_image_32.png" />
    <TemplateFile Location="Images\SFChatterWP\FileIcons\doctype_link_32.png" />
    <TemplateFile Location="Images\SFChatterWP\FileIcons\doctype_pack_32.png" />
    <TemplateFile Location="Images\SFChatterWP\FileIcons\doctype_pdf_32.png" />
    <TemplateFile Location="Images\SFChatterWP\FileIcons\doctype_ppt_32.png" />
    <TemplateFile Location="Images\SFChatterWP\FileIcons\doctype_psd_32.png" />
    <TemplateFile Location="Images\SFChatterWP\FileIcons\doctype_rtf_32.png" />
    <TemplateFile Location="Images\SFChatterWP\FileIcons\doctype_slide_32.png" />
    <TemplateFile Location="Images\SFChatterWP\FileIcons\doctype_txt_32.png" />
    <TemplateFile Location="Images\SFChatterWP\FileIcons\doctype_unknown_32.png" />
    <TemplateFile Location="Images\SFChatterWP\FileIcons\doctype_video_32.png" />
    <TemplateFile Location="Images\SFChatterWP\FileIcons\doctype_visio_32.png" />
    <TemplateFile Location="Images\SFChatterWP\FileIcons\doctype_webex_32.png" />
    <TemplateFile Location="Images\SFChatterWP\FileIcons\doctype_word_32.png" />
    <TemplateFile Location="Images\SFChatterWP\FileIcons\doctype_xml_32.png" />
    <TemplateFile Location="Images\SFChatterWP\FileIcons\doctype_zip_32.png" />
    <TemplateFile Location="Images\SFChatterWP\follow_sprite.png" />
    <TemplateFile Location="Images\SFChatterWP\follow_sprite3.png" />
    <TemplateFile Location="Images\SFChatterWP\grid_headerbg.gif" />
    <TemplateFile Location="Images\SFChatterWP\group.png" />
    <TemplateFile Location="Images\SFChatterWP\groups16.png" />
    <TemplateFile Location="Images\SFChatterWP\ic_file.png" />
    <TemplateFile Location="Images\SFChatterWP\ic_file_upload.png" />
    <TemplateFile Location="Images\SFChatterWP\ic_file2.jpg" />
    <TemplateFile Location="Images\SFChatterWP\ic_like.png" />
    <TemplateFile Location="Images\SFChatterWP\ic_link.png" />
    <TemplateFile Location="Images\SFChatterWP\img_cloud.png" />
    <TemplateFile Location="Images\SFChatterWP\img_commentBox.gif" />
    <TemplateFile Location="Images\SFChatterWP\img_commentBox.png" />
    <TemplateFile Location="Images\SFChatterWP\img_next.png" />
    <TemplateFile Location="Images\SFChatterWP\img_prev.png" />
    <TemplateFile Location="Images\SFChatterWP\img_reqField.png" />
    <TemplateFile Location="Images\SFChatterWP\img_reqField2.png" />
    <TemplateFile Location="Images\SFChatterWP\img_thumbnail.jpg" />
    <TemplateFile Location="Images\SFChatterWP\img_thumbnail.png" />
    <TemplateFile Location="Images\SFChatterWP\link.png" />
    <TemplateFile Location="Images\SFChatterWP\login_btn.png" />
    <TemplateFile Location="Images\SFChatterWP\Other_User.png" />
    <TemplateFile Location="Images\SFChatterWP\photo_jack.jpg" />
    <TemplateFile Location="Images\SFChatterWP\photo_madyson.jpg" />
    <TemplateFile Location="Images\SFChatterWP\photo_madyson2.jpg" />
    <TemplateFile Location="Images\SFChatterWP\photo_sally.jpg" />
    <TemplateFile Location="Images\SFChatterWP\plus.jpg" />
    <TemplateFile Location="Images\SFChatterWP\s.gif" />
    <TemplateFile Location="Images\SFChatterWP\search_background.png" />
    <TemplateFile Location="Images\SFChatterWP\search_clear_sprite.png" />
    <TemplateFile Location="Images\SFChatterWP\search_group.png" />
    <TemplateFile Location="Images\SFChatterWP\searchchatter.png" />
    <TemplateFile Location="Images\SFChatterWP\selected-arrow.png" />
    <TemplateFile Location="Images\SFChatterWP\send_off.jpg" />
    <TemplateFile Location="Images\SFChatterWP\send_on.jpg" />
    <TemplateFile Location="Images\SFChatterWP\sendMessageButton.png" />
    <TemplateFile Location="Images\SFChatterWP\T.png" />
    <TemplateFile Location="Images\SFChatterWP\tab.png" />
    <TemplateFile Location="Images\SFChatterWP\tab_selected.png" />
    <TemplateFile Location="Images\SFChatterWP\tick_16.png" />
    <TemplateFile Location="Images\SFChatterWP\tickmark.jpg" />
    <TemplateFile Location="Images\SFChatterWP\tooltip_arrow.png" />
    <TemplateFile Location="Images\SFChatterWP\tooltip_arrow3A.png" />
    <TemplateFile Location="Images\SFChatterWP\tooltip_arrow3B.png" />
    <TemplateFile Location="Images\SFChatterWP\tooltip_down.png" />
    <TemplateFile Location="Images\SFChatterWP\tooltip_rect.png" />
    <TemplateFile Location="Images\SFChatterWP\tooltip_up.png" />
    <TemplateFile Location="Images\SFChatterWP\triangle-down.png" />
    <TemplateFile Location="Images\SFChatterWP\ui-bg_diagonals-thick_18_b81900_40x40.png" />
    <TemplateFile Location="Images\SFChatterWP\ui-bg_diagonals-thick_20_666666_40x40.png" />
    <TemplateFile Location="Images\SFChatterWP\ui-bg_flat_10_000000_40x100.png" />
    <TemplateFile Location="Images\SFChatterWP\ui-bg_glass_100_f6f6f6_1x400.png" />
    <TemplateFile Location="Images\SFChatterWP\ui-bg_glass_100_fdf5ce_1x400.png" />
    <TemplateFile Location="Images\SFChatterWP\ui-bg_glass_65_ffffff_1x400.png" />
    <TemplateFile Location="Images\SFChatterWP\ui-bg_gloss-wave_35_f6a828_500x100.png" />
    <TemplateFile Location="Images\SFChatterWP\ui-bg_highlight-soft_100_eeeeee_1x100.png" />
    <TemplateFile Location="Images\SFChatterWP\ui-bg_highlight-soft_75_ffe45c_1x100.png" />
    <TemplateFile Location="Images\SFChatterWP\ui-icons_222222_256x240.png" />
    <TemplateFile Location="Images\SFChatterWP\ui-icons_228ef1_256x240.png" />
    <TemplateFile Location="Images\SFChatterWP\ui-icons_ef8c08_256x240.png" />
    <TemplateFile Location="Images\SFChatterWP\ui-icons_ffd27a_256x240.png" />
    <TemplateFile Location="Images\SFChatterWP\ui-icons_ffffff_256x240.png" />
    <TemplateFile Location="Images\SFChatterWP\user_photo.jpg" />
    <TemplateFile Location="Images\SFChatterWP\user_photo2.jpg" />
    <TemplateFile Location="Layouts\SFChatterWP\DownloadHandler.ashx" />
    <TemplateFile Location="Layouts\SFChatterWP\GetSMUsers.ashx" />
    <TemplateFile Location="Layouts\SFChatterWP\GetUsers.ashx" />
    <TemplateFile Location="Layouts\SFChatterWP\LikesUserList.aspx" />
    <TemplateFile Location="Layouts\SFChatterWP\oAuthLoginPage.aspx" />
    <TemplateFile Location="Layouts\SFChatterWP\SalesChatterFileUpload.aspx" />
    <TemplateFile Location="Layouts\SFChatterWP\SendMessage.aspx" />
    <TemplateFile Location="LAYOUTS\STYLES\SFChatterWP\global.css" />
    <TemplateFile Location="ADMIN\SFChatterWP\ChatterSettings.aspx" />
  </TemplateFiles>
  <FeatureManifests>
    <FeatureManifest Location="ChatterWP2007_Feature1\Feature.xml" />
    <FeatureManifest Location="ChatterWP2007_WebPartFeature\Feature.xml" />
    <FeatureManifest Location="ChatterWP2007_Feature2\Feature.xml" />
    <FeatureManifest Location="ChatterWP2007_Feature3\Feature.xml" />
  </FeatureManifests>
</Solution>